,astounding
%,
reduction,
canon,
function,
photography,
job,excellent
battery,
size,steady
viewfinder,
i,complaint
zoom,
,advanced
,perfect
camera,future
cap,shutter-like
toy,
,wide
,dissapointing
,slightest
memory,larger
resolution,
resolution,normal
color,35-mm
camera,hi-tech
while,
4x,effective
shot,
edge,
,nice
amatuer,advanced
battery,192mb
drift,
auto-focus,
tamrac,tiny
option,
levi,
size,
review,instant
camera,photo
,extensive
package,
,600kb
choice,
,same
,sharp
system,
,enough
pocket,
conditions,
card,good
webshot,
,64mb
,went
camera,high-end
,beautiful
place,nearest
saw,wrong
software,digital
entertainment,personal
,price
oil,
of,
center,happy
price,digital
,noisy
film,colored
memory,additional
but,
kayaking,
,impossible
consideration,
camera,
pc,
lcd,backlit
price,low
,personal
,
camera,fancy
front,extra
size,small
,normal
,easy
,compatible
button,
,coolest
house,
none,
setting,
detail,fine
,virtual
competitor,closest
lo,
charge,
complaint,intuitive
,true
lcd,crisp
reader,
background,automatic
,first
,bulky
.,
job,digital
metal,own
,fanatic
nothing,
memory,
,clear
span,
,front
design,diminutive
biz,
,do
debating,
elph,diminutive
kicks,
software,easy
way,
compact,
,little
,wife
zoom,small
apple,
focus,
picture,exact
gift,
wife,
delay,fuzzy
convenience,
software,
impression,
field,
couple,
screen,
thing,first
camera,instant
investment,
,128mb
problem,last
manual,true
turn-on,
bunch,
,right
casing,hi-tech
confusion,
competitor,
quality,
backup,
image,
,hot
resolution,ready
wife,candid
camera,avid
household,complete
card,64mb
,stylish
camera,pricy
,tiny
gem,
,picture
first,
place,inconvenient
,effective
,excellent
processing,
shist,
,software
slr,
,dense
place,hot
expandability,
ease,
computer,
,results
,major
,complete
tft,
resolution,excelent
case,
camera,funny
camera,ultra-portable
filmstrip,virtual
metal,
,detial
,cutting
anyone,
,great
point,inconsistent
card,
camera,automatic
,fine
,few
,large
beginner,other
problem,compactflash
override,manual
mm,
exposure,
1600x1200,600kb
,light
camera,regular
,extra
,print
elph,
,8mb
work,longest
time,digital
,digital
flaw,
,intuitive
painting,future
viewing,
,small
capture,
housing,
,pricy
baby,
,new
practice,
razor,
etc,rugged
olympus,
size,only
quality,first
,happy
mind,
post,
mb,
scotia,
profile,front
housing,waterproof
,steady
cf,128mb
,on-camera
,useful
,but
,going
,dark
s300,new
,compact
color,critical
pouch,
photostitch,wide
deal,second
,able
money,enough
person,dark
advantage,
marketplace,
,other
zoom,optical
lot,
jewel,
body,
zipper,
reason,many
thing,
,single-lens
,side
elph,second
life,
,waterproof
,spare
memory,intelliflash
school,funny
sunlight,
artist,
,was
side,onthe
thing,other
,takes
park,beautiful
equipment,candid
thing,small
anything,
lens,own
love,
,only
start-up,noisy
,fuzzy
reading,
to,high-end
sale,
elph,great
shutter,
,near
,toy
canon,digital
,camera
pound,
,gorgeous
new,
flash,
,backlight
1600x1200,acceptable
s100,
canon,new
spot,
to,
cover,
,deal
rendering,
problem,
quality,photo
impression,other
something,exact
,years
auto,
,slow
,additional
course,
,ultra-portable
battery,soft
,intelliflash
market,
range,dynamic
charger,
box,
,single
,turned-on
mode,
zoom,shutter-like
design,major
zoom,digital
money,much
,fingers
5x7,acceptable
,low
circle,
.,panoramic
,excelent
battery,good
,avid
clip,
default,
cd,
autofocus,slow
camera,digital
card,8mb
idea,
application,
camera,portable
manufacturer,digital
.,real
price,
slot,
minutes,
show,detial
,manual
,good
wallet,
,much
